GISJOIN,YEAR,STUSAB,REGIONA,DIVISIONA,STATE,STATEA,COUNTY,COUNTYA,COUSUBA,PLACEA,TRACTA,BLKGRPA,CONCITA,AIANHHA,RES_ONLYA,TRUSTA,AIHHTLI,AITSA,ANRCA,CBSAA,CSAA,METDIVA,CNECTA,NECTADIV,UAA,CDCURRA,SLDUA,SLDLA,ZCTA5A,SUBMCDA,SDELMA,SDSECA,SDUNIA,PCI,PUMAA,GEO_ID,BTTRA,BTBGA,TL_GEO_ID,NAME_E,ASSRE001,ASSRE002,ASSRE003,ASSRE004,ASSRE005,ASSRE006,ASSRE007,NAME_M,ASSRM001,ASSRM002,ASSRM003,ASSRM004,ASSRM005,ASSRM006,ASSRM007
"G2000010","2019-2023","KS",,,"Kansas","20","Allen County","001",,,,,,,,,,,,,,,".",".",,,,,,,,,,,,"0500000US20001",,,"20001","Allen County, Kansas",10019,6022,6022,5607,415,0,3997,"Allen County, Kansas",64,277,277,301,142,18,274
"G2000030","2019-2023","KS",,,"Kansas","20","Anderson County","003",,,,,,,,,,,,,,,".",".",,,,,,,,,,,,"0500000US20003",,,"20003","Anderson County, Kansas",5887,3582,3567,3421,146,15,2305,"Anderson County, Kansas",69,203,209,212,98,25,226
"G2000050","2019-2023","KS",,,"Kansas","20","Atchison County","005",,,,,,,,,,,,,,,".",".",,,,,,,,,,,,"0500000US20005",,,"20005","Atchison County, Kansas",13003,8167,8167,7828,339,0,4836,"Atchison County, Kansas",122,326,326,345,147,18,319
"G2000070","2019-2023","KS",,,"Kansas","20","Barber County","007",,,,,,,,,,,,,,,".",".",,,,,,,,,,,,"0500000US20007",,,"20007","Barber County, Kansas",3247,2154,2154,2105,49,0,1093,"Barber County, Kansas",137,150,150,157,32,11,105
"G2000090","2019-2023","KS",,,"Kansas","20","Barton County","009",,,,,,,,,,,,,,,".",".",,,,,,,,,,,,"0500000US20009",,,"20009","Barton County, Kansas",19874,12545,12532,12121,411,13,7329,"Barton County, Kansas",105,366,363,358,130,20,363
"G2000110","2019-2023","KS",,,"Kansas","20","Bourbon County","011",,,,,,,,,,,,,,,".",".",,,,,,,,,,,,"0500000US20011",,,"20011","Bourbon County, Kansas",11197,7042,7036,6767,269,6,4155,"Bourbon County, Kansas",124,307,305,350,118,9,305
"G2000130","2019-2023","KS",,,"Kansas","20","Brown County","013",,,,,,,,,,,,,,,".",".",,,,,,,,,,,,"0500000US20013",,,"20013","Brown County, Kansas",7305,4586,4583,4337,246,3,2719,"Brown County, Kansas",44,179,180,213,81,4,189
"G2000150","2019-2023","KS",,,"Kansas","20","Butler County","015",,,,,,,,,,,,,,,".",".",,,,,,,,,,,,"0500000US20015",,,"20015","Butler County, Kansas",53004,33382,32910,31887,1023,472,19622,"Butler County, Kansas",208,587,616,627,275,267,614
"G2000170","2019-2023","KS",,,"Kansas","20","Chase County","017",,,,,,,,,,,,,,,".",".",,,,,,,,,,,,"0500000US20017",,,"20017","Chase County, Kansas",2114,1208,1208,1199,9,0,906,"Chase County, Kansas",37,73,73,72,12,11,72
"G2000190","2019-2023","KS",,,"Kansas","20","Chautauqua County","019",,,,,,,,,,,,,,,".",".",,,,,,,,,,,,"0500000US20019",,,"20019","Chautauqua County, Kansas",2703,1454,1454,1363,91,0,1249,"Chautauqua County, Kansas",34,85,85,87,40,11,86
"G2000210","2019-2023","KS",,,"Kansas","20","Cherokee County","021",,,,,,,,,,,,,,,".",".",,,,,,,,,,,,"0500000US20021",,,"20021","Cherokee County, Kansas",15304,9444,9435,9099,336,9,5860,"Cherokee County, Kansas",120,323,322,340,120,16,341
"G2000230","2019-2023","KS",,,"Kansas","20","Cheyenne County","023",,,,,,,,,,,,,,,".",".",,,,,,,,,,,,"0500000US20023",,,"20023","Cheyenne County, Kansas",2073,1289,1285,1262,23,4,784,"Cheyenne County, Kansas",27,73,74,76,16,6,68
"G2000250","2019-2023","KS",,,"Kansas","20","Clark County","025",,,,,,,,,,,,,,,".",".",,,,,,,,,,,,"0500000US20025",,,"20025","Clark County, Kansas",1569,969,969,949,20,0,600,"Clark County, Kansas",156,117,117,115,14,11,98
"G2000270","2019-2023","KS",,,"Kansas","20","Clay County","027",,,,,,,,,,,,,,,".",".",,,,,,,,,,,,"0500000US20027",,,"20027","Clay County, Kansas",6453,3767,3688,3647,41,79,2686,"Clay County, Kansas",69,264,270,278,34,55,253
"G2000290","2019-2023","KS",,,"Kansas","20","Cloud County","029",,,,,,,,,,,,,,,".",".",,,,,,,,,,,,"0500000US20029",,,"20029","Cloud County, Kansas",7073,4347,4347,4164,183,0,2726,"Cloud County, Kansas",112,236,236,243,89,16,220
"G2000310","2019-2023","KS",,,"Kansas","20","Coffey County","031",,,,,,,,,,,,,,,".",".",,,,,,,,,,,,"0500000US20031",,,"20031","Coffey County, Kansas",6770,4098,4070,3826,244,28,2672,"Coffey County, Kansas",42,153,163,175,90,37,152
"G2000330","2019-2023","KS",,,"Kansas","20","Comanche County","033",,,,,,,,,,,,,,,".",".",,,,,,,,,,,,"0500000US20033",,,"20033","Comanche County, Kansas",1393,862,862,841,21,0,531,"Comanche County, Kansas",135,115,115,112,16,11,70
"G2000350","2019-2023","KS",,,"Kansas","20","Cowley County","035",,,,,,,,,,,,,,,".",".",,,,,,,,,,,,"0500000US20035",,,"20035","Cowley County, Kansas",27260,16047,16023,15226,797,24,11213,"Cowley County, Kansas",117,413,420,484,218,36,414
"G2000370","2019-2023","KS",,,"Kansas","20","Crawford County","037",,,,,,,,,,,,,,,".",".",,,,,,,,,,,,"0500000US20037",,,"20037","Crawford County, Kansas",31335,20376,20368,19664,704,8,10959,"Crawford County, Kansas",159,487,487,499,178,13,493
"G2000390","2019-2023","KS",,,"Kansas","20","Decatur County","039",,,,,,,,,,,,,,,".",".",,,,,,,,,,,,"0500000US20039",,,"20039","Decatur County, Kansas",2259,1428,1428,1375,53,0,831,"Decatur County, Kansas",26,87,87,95,37,11,87
"G2000410","2019-2023","KS",,,"Kansas","20","Dickinson County","041",,,,,,,,,,,,,,,".",".",,,,,,,,,,,,"0500000US20041",,,"20041","Dickinson County, Kansas",14693,9281,9216,8998,218,65,5412,"Dickinson County, Kansas",77,284,287,315,95,31,282
"G2000430","2019-2023","KS",,,"Kansas","20","Doniphan County","043",,,,,,,,,,,,,,,".",".",,,,,,,,,,,,"0500000US20043",,,"20043","Doniphan County, Kansas",6172,3785,3774,3717,57,11,2387,"Doniphan County, Kansas",52,180,181,189,28,10,176
"G2000450","2019-2023","KS",,,"Kansas","20","Douglas County","045",,,,,,,,,,,,,,,".",".",,,,,,,,,,,,"0500000US20045",,,"20045","Douglas County, Kansas",100285,69840,69668,66407,3261,172,30445,"Douglas County, Kansas",269,925,923,1048,524,105,994
"G2000470","2019-2023","KS",,,"Kansas","20","Edwards County","047",,,,,,,,,,,,,,,".",".",,,,,,,,,,,,"0500000US20047",,,"20047","Edwards County, Kansas",2242,1352,1350,1287,63,2,890,"Edwards County, Kansas",21,76,76,78,33,5,73
"G2000490","2019-2023","KS",,,"Kansas","20","Elk County","049",,,,,,,,,,,,,,,".",".",,,,,,,,,,,,"0500000US20049",,,"20049","Elk County, Kansas",1981,1013,1013,978,35,0,968,"Elk County, Kansas",16,85,85,79,22,11,87
"G2000510","2019-2023","KS",,,"Kansas","20","Ellis County","051",,,,,,,,,,,,,,,".",".",,,,,,,,,,,,"0500000US20051",,,"20051","Ellis County, Kansas",23508,17053,17050,16511,539,3,6455,"Ellis County, Kansas",111,395,395,419,169,6,410
"G2000530","2019-2023","KS",,,"Kansas","20","Ellsworth County","053",,,,,,,,,,,,,,,".",".",,,,,,,,,,,,"0500000US20053",,,"20053","Ellsworth County, Kansas",5368,2800,2800,2720,80,0,2568,"Ellsworth County, Kansas",20,104,104,113,45,16,107
"G2000550","2019-2023","KS",,,"Kansas","20","Finney County","055",,,,,,,,,,,,,,,".",".",,,,,,,,,,,,"0500000US20055",,,"20055","Finney County, Kansas",28051,19717,19694,18628,1066,23,8334,"Finney County, Kansas",142,474,475,508,324,39,459
"G2000570","2019-2023","KS",,,"Kansas","20","Ford County","057",,,,,,,,,,,,,,,".",".",,,,,,,,,,,,"0500000US20057",,,"20057","Ford County, Kansas",24876,17542,17542,16726,816,0,7334,"Ford County, Kansas",149,622,622,618,292,24,616
"G2000590","2019-2023","KS",,,"Kansas","20","Franklin County","059",,,,,,,,,,,,,,,".",".",,,,,,,,,,,,"0500000US20059",,,"20059","Franklin County, Kansas",20776,13794,13770,13437,333,24,6982,"Franklin County, Kansas",115,354,350,360,148,24,338
"G2000610","2019-2023","KS",,,"Kansas","20","Geary County","061",,,,,,,,,,,,,,,".",".",,,,,,,,,,,,"0500000US20061",,,"20061","Geary County, Kansas",25282,18268,13381,12582,799,4887,7014,"Geary County, Kansas",114,505,601,622,219,438,480
"G2000630","2019-2023","KS",,,"Kansas","20","Gove County","063",,,,,,,,,,,,,,,".",".",,,,,,,,,,,,"0500000US20063",,,"20063","Gove County, Kansas",2138,1397,1397,1348,49,0,741,"Gove County, Kansas",114,92,92,88,30,11,84
"G2000650","2019-2023","KS",,,"Kansas","20","Graham County","065",,,,,,,,,,,,,,,".",".",,,,,,,,,,,,"0500000US20065",,,"20065","Graham County, Kansas",1939,1235,1235,1183,52,0,704,"Graham County, Kansas",41,81,81,89,38,11,73
"G2000670","2019-2023","KS",,,"Kansas","20","Grant County","067",,,,,,,,,,,,,,,".",".",,,,,,,,,,,,"0500000US20067",,,"20067","Grant County, Kansas",5418,3662,3662,3572,90,0,1756,"Grant County, Kansas",174,292,292,296,96,16,284
"G2000690","2019-2023","KS",,,"Kansas","20","Gray County","069",,,,,,,,,,,,,,,".",".",,,,,,,,,,,,"0500000US20069",,,"20069","Gray County, Kansas",4255,2902,2902,2840,62,0,1353,"Gray County, Kansas",67,104,104,93,43,16,105
"G2000710","2019-2023","KS",,,"Kansas","20","Greeley County","071",,,,,,,,,,,,,,,".",".",,,,,,,,,,,,"0500000US20071",,,"20071","Greeley County, Kansas",973,684,684,683,1,0,289,"Greeley County, Kansas",94,88,88,88,2,11,49
"G2000730","2019-2023","KS",,,"Kansas","20","Greenwood County","073",,,,,,,,,,,,,,,".",".",,,,,,,,,,,,"0500000US20073",,,"20073","Greenwood County, Kansas",4869,2901,2901,2821,80,0,1968,"Greenwood County, Kansas",27,151,151,154,33,16,149
"G2000750","2019-2023","KS",,,"Kansas","20","Hamilton County","075",,,,,,,,,,,,,,,".",".",,,,,,,,,,,,"0500000US20075",,,"20075","Hamilton County, Kansas",1808,1182,1182,1172,10,0,626,"Hamilton County, Kansas",125,112,112,114,16,11,106
"G2000770","2019-2023","KS",,,"Kansas","20","Harper County","077",,,,,,,,,,,,,,,".",".",,,,,,,,,,,,"0500000US20077",,,"20077","Harper County, Kansas",4234,2354,2354,2271,83,0,1880,"Harper County, Kansas",74,100,100,105,51,16,118
"G2000790","2019-2023","KS",,,"Kansas","20","Harvey County","079",,,,,,,,,,,,,,,".",".",,,,,,,,,,,,"0500000US20079",,,"20079","Harvey County, Kansas",26606,17410,17387,16660,727,23,9196,"Harvey County, Kansas",154,586,586,619,273,23,566
"G2000810","2019-2023","KS",,,"Kansas","20","Haskell County","081",,,,,,,,,,,,,,,".",".",,,,,,,,,,,,"0500000US20081",,,"20081","Haskell County, Kansas",2805,1763,1763,1677,86,0,1042,"Haskell County, Kansas",32,101,101,102,44,11,102
"G2000830","2019-2023","KS",,,"Kansas","20","Hodgeman County","083",,,,,,,,,,,,,,,".",".",,,,,,,,,,,,"0500000US20083",,,"20083","Hodgeman County, Kansas",1328,858,858,834,24,0,470,"Hodgeman County, Kansas",117,97,97,96,23,11,61
"G2000850","2019-2023","KS",,,"Kansas","20","Jackson County","085",,,,,,,,,,,,,,,".",".",,,,,,,,,,,,"0500000US20085",,,"20085","Jackson County, Kansas",10422,6577,6577,6461,116,0,3845,"Jackson County, Kansas",64,233,233,247,60,18,232
"G2000870","2019-2023","KS",,,"Kansas","20","Jefferson County","087",,,,,,,,,,,,,,,".",".",,,,,,,,,,,,"0500000US20087",,,"20087","Jefferson County, Kansas",14903,9593,9575,9349,226,18,5310,"Jefferson County, Kansas",68,287,291,305,92,18,282
"G2000890","2019-2023","KS",,,"Kansas","20","Jewell County","089",,,,,,,,,,,,,,,".",".",,,,,,,,,,,,"0500000US20089",,,"20089","Jewell County, Kansas",2324,1384,1384,1378,6,0,940,"Jewell County, Kansas",27,73,73,73,6,11,75
"G2000910","2019-2023","KS",,,"Kansas","20","Johnson County","091",,,,,,,,,,,,,,,".",".",,,,,,,,,,,,"0500000US20091",,,"20091","Johnson County, Kansas",486430,349396,348571,337557,11014,825,137034,"Johnson County, Kansas",547,2109,2080,2252,941,327,2134
"G2000930","2019-2023","KS",,,"Kansas","20","Kearny County","093",,,,,,,,,,,,,,,".",".",,,,,,,,,,,,"0500000US20093",,,"20093","Kearny County, Kansas",2878,1781,1781,1757,24,0,1097,"Kearny County, Kansas",94,121,121,121,29,11,145
"G2000950","2019-2023","KS",,,"Kansas","20","Kingman County","095",,,,,,,,,,,,,,,".",".",,,,,,,,,,,,"0500000US20095",,,"20095","Kingman County, Kansas",5875,3738,3738,3599,139,0,2137,"Kingman County, Kansas",58,159,159,177,71,16,150
"G2000970","2019-2023","KS",,,"Kansas","20","Kiowa County","097",,,,,,,,,,,,,,,".",".",,,,,,,,,,,,"0500000US20097",,,"20097","Kiowa County, Kansas",1938,1276,1276,1233,43,0,662,"Kiowa County, Kansas",26,71,71,70,26,11,63
"G2000990","2019-2023","KS",,,"Kansas","20","Labette County","099",,,,,,,,,,,,,,,".",".",,,,,,,,,,,,"0500000US20099",,,"20099","Labette County, Kansas",15606,9325,9319,9055,264,6,6281,"Labette County, Kansas",108,473,472,481,100,11,479
"G2001010","2019-2023","KS",,,"Kansas","20","Lane County","101",,,,,,,,,,,,,,,".",".",,,,,,,,,,,,"0500000US20101",,,"20101","Lane County, Kansas",1191,753,753,749,4,0,438,"Lane County, Kansas",115,103,103,103,5,11,81
"G2001030","2019-2023","KS",,,"Kansas","20","Leavenworth County","103",,,,,,,,,,,,,,,".",".",,,,,,,,,,,,"0500000US20103",,,"20103","Leavenworth County, Kansas",64939,39309,36597,35029,1568,2712,25630,"Leavenworth County, Kansas",170,974,916,907,381,446,990
"G2001050","2019-2023","KS",,,"Kansas","20","Lincoln County","105",,,,,,,,,,,,,,,".",".",,,,,,,,,,,,"0500000US20105",,,"20105","Lincoln County, Kansas",2404,1500,1500,1474,26,0,904,"Lincoln County, Kansas",21,107,107,111,21,11,111
"G2001070","2019-2023","KS",,,"Kansas","20","Linn County","107",,,,,,,,,,,,,,,".",".",,,,,,,,,,,,"0500000US20107",,,"20107","Linn County, Kansas",7809,4549,4549,4379,170,0,3260,"Linn County, Kansas",66,203,203,226,76,16,218
"G2001090","2019-2023","KS",,,"Kansas","20","Logan County","109",,,,,,,,,,,,,,,".",".",,,,,,,,,,,,"0500000US20109",,,"20109","Logan County, Kansas",2136,1453,1453,1435,18,0,683,"Logan County, Kansas",47,66,66,66,17,11,60
"G2001110","2019-2023","KS",,,"Kansas","20","Lyon County","111",,,,,,,,,,,,,,,".",".",,,,,,,,,,,,"0500000US20111",,,"20111","Lyon County, Kansas",25780,17618,17518,17081,437,100,8162,"Lyon County, Kansas",129,484,517,521,152,72,459
"G2001130","2019-2023","KS",,,"Kansas","20","McPherson County","113",,,,,,,,,,,,,,,".",".",,,,,,,,,,,,"0500000US20113",,,"20113","McPherson County, Kansas",24364,16365,16294,15964,330,71,7999,"McPherson County, Kansas",112,519,522,515,144,56,521
"G2001150","2019-2023","KS",,,"Kansas","20","Marion County","115",,,,,,,,,,,,,,,".",".",,,,,,,,,,,,"0500000US20115",,,"20115","Marion County, Kansas",9667,5872,5872,5694,178,0,3795,"Marion County, Kansas",50,231,231,221,73,18,238
"G2001170","2019-2023","KS",,,"Kansas","20","Marshall County","117",,,,,,,,,,,,,,,".",".",,,,,,,,,,,,"0500000US20117",,,"20117","Marshall County, Kansas",7801,5111,5087,4994,93,24,2690,"Marshall County, Kansas",84,176,181,179,53,32,168
"G2001190","2019-2023","KS",,,"Kansas","20","Meade County","119",,,,,,,,,,,,,,,".",".",,,,,,,,,,,,"0500000US20119",,,"20119","Meade County, Kansas",3039,1905,1905,1883,22,0,1134,"Meade County, Kansas",150,131,131,129,22,11,128
"G2001210","2019-2023","KS",,,"Kansas","20","Miami County","121",,,,,,,,,,,,,,,".",".",,,,,,,,,,,,"0500000US20121",,,"20121","Miami County, Kansas",27369,17901,17890,17395,495,11,9468,"Miami County, Kansas",113,601,601,610,141,16,595
"G2001230","2019-2023","KS",,,"Kansas","20","Mitchell County","123",,,,,,,,,,,,,,,".",".",,,,,,,,,,,,"0500000US20123",,,"20123","Mitchell County, Kansas",4629,2736,2736,2712,24,0,1893,"Mitchell County, Kansas",45,194,194,198,31,16,195
"G2001250","2019-2023","KS",,,"Kansas","20","Montgomery County","125",,,,,,,,,,,,,,,".",".",,,,,,,,,,,,"0500000US20125",,,"20125","Montgomery County, Kansas",24603,14062,14027,13484,543,35,10541,"Montgomery County, Kansas",151,421,417,420,162,34,436
"G2001270","2019-2023","KS",,,"Kansas","20","Morris County","127",,,,,,,,,,,,,,,".",".",,,,,,,,,,,,"0500000US20127",,,"20127","Morris County, Kansas",4396,2835,2816,2760,56,19,1561,"Morris County, Kansas",61,165,172,175,34,20,163
"G2001290","2019-2023","KS",,,"Kansas","20","Morton County","129",,,,,,,,,,,,,,,".",".",,,,,,,,,,,,"0500000US20129",,,"20129","Morton County, Kansas",2054,1172,1172,1130,42,0,882,"Morton County, Kansas",32,105,105,120,41,11,108
"G2001310","2019-2023","KS",,,"Kansas","20","Nemaha County","131",,,,,,,,,,,,,,,".",".",,,,,,,,,,,,"0500000US20131",,,"20131","Nemaha County, Kansas",7704,5090,5090,5045,45,0,2614,"Nemaha County, Kansas",51,197,197,202,24,18,186
"G2001330","2019-2023","KS",,,"Kansas","20","Neosho County","133",,,,,,,,,,,,,,,".",".",,,,,,,,,,,,"0500000US20133",,,"20133","Neosho County, Kansas",12422,7551,7551,7201,350,0,4871,"Neosho County, Kansas",97,339,339,330,147,18,365
"G2001350","2019-2023","KS",,,"Kansas","20","Ness County","135",,,,,,,,,,,,,,,".",".",,,,,,,,,,,,"0500000US20135",,,"20135","Ness County, Kansas",2228,1465,1465,1450,15,0,763,"Ness County, Kansas",47,88,88,91,12,11,84
"G2001370","2019-2023","KS",,,"Kansas","20","Norton County","137",,,,,,,,,,,,,,,".",".",,,,,,,,,,,,"0500000US20137",,,"20137","Norton County, Kansas",4435,2041,2041,2028,13,0,2394,"Norton County, Kansas",64,166,166,168,14,16,166
"G2001390","2019-2023","KS",,,"Kansas","20","Osage County","139",,,,,,,,,,,,,,,".",".",,,,,,,,,,,,"0500000US20139",,,"20139","Osage County, Kansas",12575,7790,7744,7548,196,46,4785,"Osage County, Kansas",66,270,270,287,74,40,278
"G2001410","2019-2023","KS",,,"Kansas","20","Osborne County","141",,,,,,,,,,,,,,,".",".",,,,,,,,,,,,"0500000US20141",,,"20141","Osborne County, Kansas",2797,1810,1810,1781,29,0,987,"Osborne County, Kansas",29,85,85,94,20,11,85
"G2001430","2019-2023","KS",,,"Kansas","20","Ottawa County","143",,,,,,,,,,,,,,,".",".",,,,,,,,,,,,"0500000US20143",,,"20143","Ottawa County, Kansas",4602,2940,2936,2841,95,4,1662,"Ottawa County, Kansas",49,123,122,128,54,7,119
"G2001450","2019-2023","KS",,,"Kansas","20","Pawnee County","145",,,,,,,,,,,,,,,".",".",,,,,,,,,,,,"0500000US20145",,,"20145","Pawnee County, Kansas",5417,2887,2870,2835,35,17,2530,"Pawnee County, Kansas",42,217,219,212,33,20,222
"G2001470","2019-2023","KS",,,"Kansas","20","Phillips County","147",,,,,,,,,,,,,,,".",".",,,,,,,,,,,,"0500000US20147",,,"20147","Phillips County, Kansas",3937,2331,2331,2257,74,0,1606,"Phillips County, Kansas",29,114,114,121,34,11,108
"G2001490","2019-2023","KS",,,"Kansas","20","Pottawatomie County","149",,,,,,,,,,,,,,,".",".",,,,,,,,,,,,"0500000US20149",,,"20149","Pottawatomie County, Kansas",19167,12826,12698,12456,242,128,6341,"Pottawatomie County, Kansas",113,416,422,431,94,59,422
"G2001510","2019-2023","KS",,,"Kansas","20","Pratt County","151",,,,,,,,,,,,,,,".",".",,,,,,,,,,,,"0500000US20151",,,"20151","Pratt County, Kansas",7229,4417,4414,4250,164,3,2812,"Pratt County, Kansas",100,183,183,203,73,4,189
"G2001530","2019-2023","KS",,,"Kansas","20","Rawlins County","153",,,,,,,,,,,,,,,".",".",,,,,,,,,,,,"0500000US20153",,,"20153","Rawlins County, Kansas",2026,1372,1372,1356,16,0,654,"Rawlins County, Kansas",14,103,103,107,19,11,107
"G2001550","2019-2023","KS",,,"Kansas","20","Reno County","155",,,,,,,,,,,,,,,".",".",,,,,,,,,,,,"0500000US20155",,,"20155","Reno County, Kansas",49675,30376,30346,29154,1192,30,19299,"Reno County, Kansas",180,681,678,690,288,33,700
"G2001570","2019-2023","KS",,,"Kansas","20","Republic County","157",,,,,,,,,,,,,,,".",".",,,,,,,,,,,,"0500000US20157",,,"20157","Republic County, Kansas",3689,2195,2195,2172,23,0,1494,"Republic County, Kansas",37,110,110,110,19,11,102
"G2001590","2019-2023","KS",,,"Kansas","20","Rice County","159",,,,,,,,,,,,,,,".",".",,,,,,,,,,,,"0500000US20159",,,"20159","Rice County, Kansas",7426,4601,4598,4444,154,3,2825,"Rice County, Kansas",91,202,202,220,98,5,219
"G2001610","2019-2023","KS",,,"Kansas","20","Riley County","161",,,,,,,,,,,,,,,".",".",,,,,,,,,,,,"0500000US20161",,,"20161","Riley County, Kansas",61228,43435,36721,34998,1723,6714,17793,"Riley County, Kansas",137,809,843,949,354,477,833
"G2001630","2019-2023","KS",,,"Kansas","20","Rooks County","163",,,,,,,,,,,,,,,".",".",,,,,,,,,,,,"0500000US20163",,,"20163","Rooks County, Kansas",3976,2471,2471,2419,52,0,1505,"Rooks County, Kansas",33,113,113,112,32,11,109
"G2001650","2019-2023","KS",,,"Kansas","20","Rush County","165",,,,,,,,,,,,,,,".",".",,,,,,,,,,,,"0500000US20165",,,"20165","Rush County, Kansas",2392,1527,1527,1449,78,0,865,"Rush County, Kansas",114,118,118,121,44,11,87
"G2001670","2019-2023","KS",,,"Kansas","20","Russell County","167",,,,,,,,,,,,,,,".",".",,,,,,,,,,,,"0500000US20167",,,"20167","Russell County, Kansas",5469,3500,3500,3435,65,0,1969,"Russell County, Kansas",30,199,199,198,42,16,195
"G2001690","2019-2023","KS",,,"Kansas","20","Saline County","169",,,,,,,,,,,,,,,".",".",,,,,,,,,,,,"0500000US20169",,,"20169","Saline County, Kansas",42882,28647,28634,27605,1029,13,14235,"Saline County, Kansas",192,755,757,800,321,18,736
"G2001710","2019-2023","KS",,,"Kansas","20","Scott County","171",,,,,,,,,,,,,,,".",".",,,,,,,,,,,,"0500000US20171",,,"20171","Scott County, Kansas",3935,2693,2693,2663,30,0,1242,"Scott County, Kansas",120,200,200,198,41,16,186
"G2001730","2019-2023","KS",,,"Kansas","20","Sedgwick County","173",,,,,,,,,,,,,,,".",".",,,,,,,,,,,,"0500000US20173",,,"20173","Sedgwick County, Kansas",407945,269115,265730,251840,13890,3385,138830,"Sedgwick County, Kansas",500,2364,2464,2618,929,569,2424
"G2001750","2019-2023","KS",,,"Kansas","20","Seward County","175",,,,,,,,,,,,,,,".",".",,,,,,,,,,,,"0500000US20175",,,"20175","Seward County, Kansas",15599,10904,10904,10442,462,0,4695,"Seward County, Kansas",222,402,402,448,172,21,420
"G2001770","2019-2023","KS",,,"Kansas","20","Shawnee County","177",,,,,,,,,,,,,,,".",".",,,,,,,,,,,,"0500000US20177",,,"20177","Shawnee County, Kansas",141924,88697,88336,84663,3673,361,53227,"Shawnee County, Kansas",269,1277,1289,1373,473,142,1302
"G2001790","2019-2023","KS",,,"Kansas","20","Sheridan County","179",,,,,,,,,,,,,,,".",".",,,,,,,,,,,,"0500000US20179",,,"20179","Sheridan County, Kansas",1886,1302,1302,1294,8,0,584,"Sheridan County, Kansas",24,70,70,70,10,11,73
"G2001810","2019-2023","KS",,,"Kansas","20","Sherman County","181",,,,,,,,,,,,,,,".",".",,,,,,,,,,,,"0500000US20181",,,"20181","Sherman County, Kansas",4706,3177,3177,3165,12,0,1529,"Sherman County, Kansas",68,203,203,204,14,16,180
"G2001830","2019-2023","KS",,,"Kansas","20","Smith County","183",,,,,,,,,,,,,,,".",".",,,,,,,,,,,,"0500000US20183",,,"20183","Smith County, Kansas",2933,1784,1784,1755,29,0,1149,"Smith County, Kansas",22,93,93,97,19,11,94
"G2001850","2019-2023","KS",,,"Kansas","20","Stafford County","185",,,,,,,,,,,,,,,".",".",,,,,,,,,,,,"0500000US20185",,,"20185","Stafford County, Kansas",3124,2016,2016,1964,52,0,1108,"Stafford County, Kansas",36,91,91,92,36,11,83
"G2001870","2019-2023","KS",,,"Kansas","20","Stanton County","187",,,,,,,,,,,,,,,".",".",,,,,,,,,,,,"0500000US20187",,,"20187","Stanton County, Kansas",1582,952,952,931,21,0,630,"Stanton County, Kansas",119,178,178,180,25,11,151
"G2001890","2019-2023","KS",,,"Kansas","20","Stevens County","189",,,,,,,,,,,,,,,".",".",,,,,,,,,,,,"0500000US20189",,,"20189","Stevens County, Kansas",3888,2411,2411,2303,108,0,1477,"Stevens County, Kansas",71,232,232,239,78,16,262
"G2001910","2019-2023","KS",,,"Kansas","20","Sumner County","191",,,,,,,,,,,,,,,".",".",,,,,,,,,,,,"0500000US20191",,,"20191","Sumner County, Kansas",17626,10663,10633,10000,633,30,6963,"Sumner County, Kansas",111,337,335,400,190,31,315
"G2001930","2019-2023","KS",,,"Kansas","20","Thomas County","193",,,,,,,,,,,,,,,".",".",,,,,,,,,,,,"0500000US20193",,,"20193","Thomas County, Kansas",6199,4242,4242,4236,6,0,1957,"Thomas County, Kansas",76,200,200,199,13,16,219
"G2001950","2019-2023","KS",,,"Kansas","20","Trego County","195",,,,,,,,,,,,,,,".",".",,,,,,,,,,,,"0500000US20195",,,"20195","Trego County, Kansas",2303,1491,1491,1475,16,0,812,"Trego County, Kansas",47,72,72,74,18,11,89
"G2001970","2019-2023","KS",,,"Kansas","20","Wabaunsee County","197",,,,,,,,,,,,,,,".",".",,,,,,,,,,,,"0500000US20197",,,"20197","Wabaunsee County, Kansas",5538,3446,3436,3299,137,10,2092,"Wabaunsee County, Kansas",36,162,163,182,65,18,162
"G2001990","2019-2023","KS",,,"Kansas","20","Wallace County","199",,,,,,,,,,,,,,,".",".",,,,,,,,,,,,"0500000US20199",,,"20199","Wallace County, Kansas",1141,720,720,711,9,0,421,"Wallace County, Kansas",85,77,77,77,7,11,70
"G2002010","2019-2023","KS",,,"Kansas","20","Washington County","201",,,,,,,,,,,,,,,".",".",,,,,,,,,,,,"0500000US20201",,,"20201","Washington County, Kansas",4376,2616,2616,2576,40,0,1760,"Washington County, Kansas",32,142,142,142,18,16,156
"G2002030","2019-2023","KS",,,"Kansas","20","Wichita County","203",,,,,,,,,,,,,,,".",".",,,,,,,,,,,,"0500000US20203",,,"20203","Wichita County, Kansas",1600,957,957,952,5,0,643,"Wichita County, Kansas",107,128,128,129,7,11,132
"G2002050","2019-2023","KS",,,"Kansas","20","Wilson County","205",,,,,,,,,,,,,,,".",".",,,,,,,,,,,,"0500000US20205",,,"20205","Wilson County, Kansas",6735,4032,4032,3889,143,0,2703,"Wilson County, Kansas",59,174,174,183,67,16,176
"G2002070","2019-2023","KS",,,"Kansas","20","Woodson County","207",,,,,,,,,,,,,,,".",".",,,,,,,,,,,,"0500000US20207",,,"20207","Woodson County, Kansas",2623,1353,1353,1319,34,0,1270,"Woodson County, Kansas",29,94,94,95,19,11,97
"G2002090","2019-2023","KS",,,"Kansas","20","Wyandotte County","209",,,,,,,,,,,,,,,".",".",,,,,,,,,,,,"0500000US20209",,,"20209","Wyandotte County, Kansas",126289,82973,82734,78267,4467,239,43316,"Wyandotte County, Kansas",328,1217,1208,1222,468,129,1296
