GISJOIN,YEAR,STUSAB,REGIONA,DIVISIONA,STATE,STATEA,COUNTY,COUNTYA,COUSUBA,PLACEA,TRACTA,BLKGRPA,CONCITA,AIANHHA,RES_ONLYA,TRUSTA,AIHHTLI,AITSA,ANRCA,CBSAA,CSAA,METDIVA,CNECTA,NECTADIV,UAA,CDCURRA,SLDUA,SLDLA,ZCTA5A,SUBMCDA,SDELMA,SDSECA,SDUNIA,PCI,PUMAA,GEO_ID,BTTRA,BTBGA,TL_GEO_ID,NAME_E,ASWSE001,ASWSE002,ASWSE003,ASWSE004,ASWSE005,ASWSE006,ASWSE007,ASWSE008,ASWSE009,ASWSE010,ASWSE011,ASWSE012,ASWSE013,ASWTE001,ASWTE002,ASWTE003,ASWTE004,ASWTE005,ASWTE006,NAME_M,ASWSM001,ASWSM002,ASWSM003,ASWSM004,ASWSM005,ASWSM006,ASWSM007,ASWSM008,ASWSM009,ASWSM010,ASWSM011,ASWSM012,ASWSM013,ASWTM001,ASWTM002,ASWTM003,ASWTM004,ASWTM005,ASWTM006
"G2000010","2019-2023","KS",,,"Kansas","20","Allen County","001",,,,,,,,,,,,,,,".",".",,,,,,,,,,,,"0500000US20001",,,"20001","Allen County, Kansas",5014,4140,5,4135,3366,690,3024,724,609,30,5,182,692,5014,4609,5,4060,544,405,"Allen County, Kansas",195,208,8,207,227,135,235,166,138,14,9,101,166,195,198,8,208,135,98
"G2000030","2019-2023","KS",,,"Kansas","20","Anderson County","003",,,,,,,,,,,,,,,".",".",,,,,,,,,,,,"0500000US20003",,,"20003","Anderson County, Kansas",3287,2370,5,2365,2026,493,1430,183,534,127,1,168,749,3287,2844,5,2336,503,443,"Anderson County, Kansas",114,212,5,211,220,138,226,84,120,85,2,80,197,114,175,5,208,158,137
"G2000050","2019-2023","KS",,,"Kansas","20","Atchison County","005",,,,,,,,,,,,,,,".",".",,,,,,,,,,,,"0500000US20005",,,"20005","Atchison County, Kansas",5876,4936,1,4935,4471,1094,3355,313,735,65,4,162,778,5876,5392,1,4924,467,484,"Atchison County, Kansas",232,255,3,255,260,229,325,106,159,40,7,107,170,232,232,3,256,174,146
"G2000070","2019-2023","KS",,,"Kansas","20","Barber County","007",,,,,,,,,,,,,,,".",".",,,,,,,,,,,,"0500000US20007",,,"20007","Barber County, Kansas",1806,1534,2,1532,1359,199,1256,147,168,13,0,20,252,1806,1702,2,1525,175,104,"Barber County, Kansas",119,120,5,120,118,57,111,48,49,16,11,14,70,119,114,5,120,61,45
"G2000090","2019-2023","KS",,,"Kansas","20","Barton County","009",,,,,,,,,,,,,,,".",".",,,,,,,,,,,,"0500000US20009",,,"20009","Barton County, Kansas",10219,8762,0,8762,8110,1316,6882,523,840,93,0,105,1352,10219,9441,0,8673,768,778,"Barton County, Kansas",293,330,21,330,359,217,330,116,186,59,21,55,221,293,321,21,327,183,151
"G2000110","2019-2023","KS",,,"Kansas","20","Bourbon County","011",,,,,,,,,,,,,,,".",".",,,,,,,,,,,,"0500000US20011",,,"20011","Bourbon County, Kansas",5770,5068,28,5040,4504,877,3777,485,491,38,0,105,597,5770,5390,28,5017,345,380,"Bourbon County, Kansas",229,269,26,267,265,193,295,141,145,27,18,54,140,229,247,26,265,113,95
"G2000130","2019-2023","KS",,,"Kansas","20","Brown County","013",,,,,,,,,,,,,,,".",".",,,,,,,,,,,,"0500000US20013",,,"20013","Brown County, Kansas",3719,3152,20,3132,2626,389,2446,441,463,42,0,116,451,3719,3349,20,3089,240,370,"Brown County, Kansas",134,150,20,154,163,71,163,105,96,28,16,44,134,134,141,20,151,65,119
"G2000150","2019-2023","KS",,,"Kansas","20","Butler County","015",,,,,,,,,,,,,,,".",".",,,,,,,,,,,,"0500000US20015",,,"20015","Butler County, Kansas",25025,22195,32,22163,20423,2885,17072,1325,2850,285,47,637,2193,25025,23931,32,22029,1870,1094,"Butler County, Kansas",337,520,31,518,517,335,557,246,323,132,54,251,381,337,358,31,515,381,203
"G2000170","2019-2023","KS",,,"Kansas","20","Chase County","017",,,,,,,,,,,,,,,".",".",,,,,,,,,,,,"0500000US20017",,,"20017","Chase County, Kansas",1145,919,4,915,870,177,518,26,232,17,0,38,188,1145,1055,4,913,138,90,"Chase County, Kansas",63,79,5,81,82,57,66,17,48,12,11,24,59,63,73,5,80,43,36
"G2000190","2019-2023","KS",,,"Kansas","20","Chautauqua County","019",,,,,,,,,,,,,,,".",".",,,,,,,,,,,,"0500000US20019",,,"20019","Chautauqua County, Kansas",1315,1098,10,1088,1032,308,570,38,214,11,5,46,171,1315,1210,10,1084,116,105,"Chautauqua County, Kansas",96,113,11,113,109,64,77,18,60,8,9,25,42,96,99,11,112,41,32
"G2000210","2019-2023","KS",,,"Kansas","20","Cherokee County","021",,,,,,,,,,,,,,,".",".",,,,,,,,,,,,"0500000US20021",,,"20021","Cherokee County, Kansas",7727,6516,15,6501,5786,1477,4637,607,628,60,2,247,964,7727,7268,15,6426,827,459,"Cherokee County, Kansas",202,301,16,302,332,274,351,168,130,44,4,114,186,202,233,16,303,211,116
"G2000230","2019-2023","KS",,,"Kansas","20","Cheyenne County","023",,,,,,,,,,,,,,,".",".",,,,,,,,,,,,"0500000US20023",,,"20023","Cheyenne County, Kansas",1186,1000,2,998,904,203,650,41,154,26,24,33,153,1186,1114,2,993,119,72,"Cheyenne County, Kansas",68,75,5,75,80,67,77,23,48,15,29,24,49,68,73,5,77,42,32
"G2000250","2019-2023","KS",,,"Kansas","20","Clark County","025",,,,,,,,,,,,,,,".",".",,,,,,,,,,,,"0500000US20025",,,"20025","Clark County, Kansas",813,696,1,695,641,129,500,45,74,9,0,51,66,813,769,1,690,78,44,"Clark County, Kansas",73,70,2,70,73,42,62,18,30,8,11,36,21,73,77,2,72,39,17
"G2000270","2019-2023","KS",,,"Kansas","20","Clay County","027",,,,,,,,,,,,,,,".",".",,,,,,,,,,,,"0500000US20027",,,"20027","Clay County, Kansas",3629,3074,30,3044,2681,338,2523,269,221,59,3,90,465,3629,3201,30,2977,194,428,"Clay County, Kansas",118,185,35,182,194,100,190,99,89,55,5,65,176,118,176,35,188,96,149
"G2000290","2019-2023","KS",,,"Kansas","20","Cloud County","029",,,,,,,,,,,,,,,".",".",,,,,,,,,,,,"0500000US20029",,,"20029","Cloud County, Kansas",3670,3067,20,3047,2700,556,2313,328,224,16,2,102,501,3670,3428,11,3027,390,242,"Cloud County, Kansas",151,184,21,185,186,138,191,93,65,19,3,57,133,151,155,17,183,105,76
"G2000310","2019-2023","KS",,,"Kansas","20","Coffey County","031",,,,,,,,,,,,,,,".",".",,,,,,,,,,,,"0500000US20031",,,"20031","Coffey County, Kansas",3547,3065,16,3049,2903,699,1969,95,403,42,3,106,376,3547,3338,15,3040,283,209,"Coffey County, Kansas",99,141,15,142,136,128,132,32,79,25,6,37,96,99,112,14,141,68,52
"G2000330","2019-2023","KS",,,"Kansas","20","Comanche County","033",,,,,,,,,,,,,,,".",".",,,,,,,,,,,,"0500000US20033",,,"20033","Comanche County, Kansas",821,693,2,691,648,170,467,29,96,12,0,2,126,821,741,2,690,49,80,"Comanche County, Kansas",80,79,3,78,80,66,73,16,36,10,11,4,38,80,80,3,78,24,31
"G2000350","2019-2023","KS",,,"Kansas","20","Cowley County","035",,,,,,,,,,,,,,,".",".",,,,,,,,,,,,"0500000US20035",,,"20035","Cowley County, Kansas",13339,11201,28,11173,10285,1866,8404,729,1148,86,42,371,1767,13339,12304,28,10997,1279,1035,"Cowley County, Kansas",363,429,24,426,478,288,450,187,193,41,44,120,290,363,418,24,424,246,228
"G2000370","2019-2023","KS",,,"Kansas","20","Crawford County","037",,,,,,,,,,,,,,,".",".",,,,,,,,,,,,"0500000US20037",,,"20037","Crawford County, Kansas",15897,13671,0,13671,12753,2228,11038,832,663,31,14,393,1833,15897,14834,0,13555,1279,1063,"Crawford County, Kansas",296,416,24,416,436,343,449,155,137,22,17,129,326,296,342,24,416,267,192
"G2000390","2019-2023","KS",,,"Kansas","20","Decatur County","039",,,,,,,,,,,,,,,".",".",,,,,,,,,,,,"0500000US20039",,,"20039","Decatur County, Kansas",1373,1209,0,1209,1052,122,879,70,210,87,0,41,123,1373,1285,0,1203,82,88,"Decatur County, Kansas",58,86,11,86,92,53,98,31,68,49,11,24,53,58,71,11,86,39,43
"G2000410","2019-2023","KS",,,"Kansas","20","Dickinson County","041",,,,,,,,,,,,,,,".",".",,,,,,,,,,,,"0500000US20041",,,"20041","Dickinson County, Kansas",7958,7143,6,7137,6468,976,5700,573,677,57,0,149,666,7958,7554,6,7110,438,404,"Dickinson County, Kansas",192,240,10,239,306,184,242,184,121,47,18,97,168,192,209,10,238,158,130
"G2000430","2019-2023","KS",,,"Kansas","20","Doniphan County","043",,,,,,,,,,,,,,,".",".",,,,,,,,,,,,"0500000US20043",,,"20043","Doniphan County, Kansas",2670,2346,18,2328,1939,547,1509,326,266,21,27,36,288,2670,2458,17,2314,127,212,"Doniphan County, Kansas",125,131,16,131,141,119,119,86,80,16,37,21,64,125,127,15,132,41,62
"G2000450","2019-2023","KS",,,"Kansas","20","Douglas County","045",,,,,,,,,,,,,,,".",".",,,,,,,,,,,,"0500000US20045",,,"20045","Douglas County, Kansas",49939,45714,80,45634,43114,3624,40184,2407,3188,36,3,2714,1511,49939,48685,49,45363,3273,1254,"Douglas County, Kansas",527,918,65,923,1041,488,992,452,526,31,5,666,281,527,658,44,911,592,344
"G2000470","2019-2023","KS",,,"Kansas","20","Edwards County","047",,,,,,,,,,,,,,,".",".",,,,,,,,,,,,"0500000US20047",,,"20047","Edwards County, Kansas",1187,1013,3,1010,915,229,685,76,119,12,0,27,147,1187,1117,3,1007,107,70,"Edwards County, Kansas",63,61,4,61,62,57,72,25,27,9,11,15,40,63,61,4,62,33,24
"G2000490","2019-2023","KS",,,"Kansas","20","Elk County","049",,,,,,,,,,,,,,,".",".",,,,,,,,,,,,"0500000US20049",,,"20049","Elk County, Kansas",1076,910,6,904,751,138,643,122,146,29,1,18,148,1076,905,6,852,47,171,"Elk County, Kansas",71,73,5,73,81,38,68,46,40,19,3,17,37,71,75,5,78,24,53
"G2000510","2019-2023","KS",,,"Kansas","20","Ellis County","051",,,,,,,,,,,,,,,".",".",,,,,,,,,,,,"0500000US20051",,,"20051","Ellis County, Kansas",12186,11244,0,11244,10629,849,10115,555,529,41,15,185,757,12186,11617,0,11166,451,569,"Ellis County, Kansas",271,339,21,339,391,228,370,146,172,42,23,99,199,271,324,21,340,143,155
"G2000530","2019-2023","KS",,,"Kansas","20","Ellsworth County","053",,,,,,,,,,,,,,,".",".",,,,,,,,,,,,"0500000US20053",,,"20053","Ellsworth County, Kansas",2329,1996,0,1996,1832,350,1413,153,313,7,0,78,255,2329,2134,0,1980,154,195,"Ellsworth County, Kansas",100,116,16,116,120,69,110,48,102,8,16,35,64,100,108,16,114,42,60
"G2000550","2019-2023","KS",,,"Kansas","20","Finney County","055",,,,,,,,,,,,,,,".",".",,,,,,,,,,,,"0500000US20055",,,"20055","Finney County, Kansas",13198,11631,6,11625,10921,2450,8660,535,1088,47,0,221,1346,13198,12585,6,11535,1044,613,"Finney County, Kansas",267,349,11,349,356,365,419,147,226,51,24,100,271,267,320,11,357,244,158
"G2000570","2019-2023","KS",,,"Kansas","20","Ford County","057",,,,,,,,,,,,,,,".",".",,,,,,,,,,,,"0500000US20057",,,"20057","Ford County, Kansas",11768,10314,49,10265,9375,2169,7192,728,1043,143,0,216,1238,11768,11024,2,10131,891,744,"Ford County, Kansas",209,363,71,359,386,391,460,210,253,113,24,147,242,209,308,3,388,241,233
"G2000590","2019-2023","KS",,,"Kansas","20","Franklin County","059",,,,,,,,,,,,,,,".",".",,,,,,,,,,,,"0500000US20059",,,"20059","Franklin County, Kansas",10289,8628,9,8619,7871,1547,5684,555,1661,155,28,300,1361,10289,9486,9,8490,987,803,"Franklin County, Kansas",216,342,7,342,388,312,394,135,237,89,28,137,225,216,285,7,332,226,186
"G2000610","2019-2023","KS",,,"Kansas","20","Geary County","061",,,,,,,,,,,,,,,".",".",,,,,,,,,,,,"0500000US20061",,,"20061","Geary County, Kansas",13787,12926,70,12856,11926,1537,10931,884,1059,17,2,260,601,13787,13413,70,12818,525,374,"Geary County, Kansas",405,385,84,384,401,308,448,202,251,19,4,115,150,405,420,84,384,157,146
"G2000630","2019-2023","KS",,,"Kansas","20","Gove County","063",,,,,,,,,,,,,,,".",".",,,,,,,,,,,,"0500000US20063",,,"20063","Gove County, Kansas",1171,939,11,928,812,111,797,114,29,0,0,16,216,1171,1084,11,921,152,87,"Gove County, Kansas",81,76,8,74,74,35,74,34,16,11,11,9,69,81,77,8,75,50,33
"G2000650","2019-2023","KS",,,"Kansas","20","Graham County","065",,,,,,,,,,,,,,,".",".",,,,,,,,,,,,"0500000US20065",,,"20065","Graham County, Kansas",1181,1032,0,1032,867,132,886,158,46,4,0,12,137,1181,1118,0,1018,100,63,"Graham County, Kansas",67,74,11,74,72,51,67,54,24,6,11,11,42,67,66,11,75,36,22
"G2000670","2019-2023","KS",,,"Kansas","20","Grant County","067",,,,,,,,,,,,,,,".",".",,,,,,,,,,,,"0500000US20067",,,"20067","Grant County, Kansas",2377,2241,0,2241,2122,373,1822,119,79,0,0,31,105,2377,2342,0,2233,109,35,"Grant County, Kansas",177,185,16,185,217,158,204,111,78,16,16,36,69,177,179,16,186,74,33
"G2000690","2019-2023","KS",,,"Kansas","20","Gray County","069",,,,,,,,,,,,,,,".",".",,,,,,,,,,,,"0500000US20069",,,"20069","Gray County, Kansas",2078,1797,0,1797,1669,289,1460,123,63,0,3,21,260,2078,1993,0,1791,202,85,"Gray County, Kansas",77,100,16,100,101,68,104,47,25,16,3,15,76,77,83,16,100,77,32
"G2000710","2019-2023","KS",,,"Kansas","20","Greeley County","071",,,,,,,,,,,,,,,".",".",,,,,,,,,,,,"0500000US20071",,,"20071","Greeley County, Kansas",524,484,0,484,472,57,376,9,50,3,0,13,27,524,492,0,474,18,32,"Greeley County, Kansas",55,52,11,52,53,27,57,6,27,5,11,10,15,55,53,11,52,12,17
"G2000730","2019-2023","KS",,,"Kansas","20","Greenwood County","073",,,,,,,,,,,,,,,".",".",,,,,,,,,,,,"0500000US20073",,,"20073","Greenwood County, Kansas",2604,2128,7,2121,1795,336,1433,294,520,21,4,125,351,2604,2304,5,2067,232,300,"Greenwood County, Kansas",114,137,7,138,137,71,124,68,101,11,4,62,90,114,126,7,142,72,77
"G2000750","2019-2023","KS",,,"Kansas","20","Hamilton County","075",,,,,,,,,,,,,,,".",".",,,,,,,,,,,,"0500000US20075",,,"20075","Hamilton County, Kansas",770,691,0,691,667,86,577,24,30,0,0,25,54,770,722,0,691,31,48,"Hamilton County, Kansas",119,110,11,110,107,41,104,17,21,11,11,18,36,119,117,11,110,24,29
"G2000770","2019-2023","KS",,,"Kansas","20","Harper County","077",,,,,,,,,,,,,,,".",".",,,,,,,,,,,,"0500000US20077",,,"20077","Harper County, Kansas",2205,1803,3,1800,1623,297,1272,116,287,60,0,113,289,2205,2028,3,1792,233,177,"Harper County, Kansas",135,126,4,127,122,70,113,34,66,28,16,48,62,135,147,4,128,76,52
"G2000790","2019-2023","KS",,,"Kansas","20","Harvey County","079",,,,,,,,,,,,,,,".",".",,,,,,,,,,,,"0500000US20079",,,"20079","Harvey County, Kansas",13478,11407,51,11356,10475,1637,8800,742,870,40,23,615,1456,13478,12967,51,11304,1612,511,"Harvey County, Kansas",305,436,46,447,430,322,450,207,230,33,34,245,307,305,330,46,446,366,164
"G2000810","2019-2023","KS",,,"Kansas","20","Haskell County","081",,,,,,,,,,,,,,,".",".",,,,,,,,,,,,"0500000US20081",,,"20081","Haskell County, Kansas",1384,1234,0,1234,1172,367,761,62,176,0,0,32,118,1384,1345,0,1234,111,39,"Haskell County, Kansas",54,76,11,76,83,75,79,34,66,11,11,26,48,54,62,11,76,48,32
"G2000830","2019-2023","KS",,,"Kansas","20","Hodgeman County","083",,,,,,,,,,,,,,,".",".",,,,,,,,,,,,"0500000US20083",,,"20083","Hodgeman County, Kansas",666,532,1,531,443,93,394,63,56,4,3,8,126,666,587,1,527,59,79,"Hodgeman County, Kansas",66,62,3,62,64,34,57,24,23,5,5,6,46,66,63,3,61,27,39
"G2000850","2019-2023","KS",,,"Kansas","20","Jackson County","085",,,,,,,,,,,,,,,".",".",,,,,,,,,,,,"0500000US20085",,,"20085","Jackson County, Kansas",5100,4468,35,4433,3911,852,2978,357,773,97,55,81,551,5100,4819,35,4395,389,281,"Jackson County, Kansas",153,166,38,166,197,135,187,104,146,35,33,35,119,153,165,38,164,80,92
"G2000870","2019-2023","KS",,,"Kansas","20","Jefferson County","087",,,,,,,,,,,,,,,".",".",,,,,,,,,,,,"0500000US20087",,,"20087","Jefferson County, Kansas",7390,6552,24,6528,5927,1104,4103,339,1358,232,17,130,708,7390,6953,24,6372,557,437,"Jefferson County, Kansas",140,198,23,206,235,178,282,86,227,150,21,61,149,140,181,23,223,134,130
"G2000890","2019-2023","KS",,,"Kansas","20","Jewell County","089",,,,,,,,,,,,,,,".",".",,,,,,,,,,,,"0500000US20089",,,"20089","Jewell County, Kansas",1268,1027,0,1027,868,101,859,148,74,11,0,31,210,1268,1114,0,1022,92,154,"Jewell County, Kansas",80,93,11,93,94,32,86,42,33,13,11,19,67,80,90,11,93,35,63
"G2000910","2019-2023","KS",,,"Kansas","20","Johnson County","091",,,,,,,,,,,,,,,".",".",,,,,,,,,,,,"0500000US20091",,,"20091","Johnson County, Kansas",244777,234560,245,234315,221524,17139,213294,12073,9291,228,88,3788,6429,244777,239187,233,232838,6116,5590,"Johnson County, Kansas",1080,1349,116,1343,1593,1085,1589,934,738,110,56,483,732,1080,1208,118,1382,630,672
"G2000930","2019-2023","KS",,,"Kansas","20","Kearny County","093",,,,,,,,,,,,,,,".",".",,,,,,,,,,,,"0500000US20093",,,"20093","Kearny County, Kansas",1365,1252,0,1252,1144,115,1121,89,62,0,0,64,49,1365,1319,0,1220,99,46,"Kearny County, Kansas",80,100,11,100,119,41,96,69,47,11,11,53,34,80,94,11,109,55,45
"G2000950","2019-2023","KS",,,"Kansas","20","Kingman County","095",,,,,,,,,,,,,,,".",".",,,,,,,,,,,,"0500000US20095",,,"20095","Kingman County, Kansas",3088,2545,8,2537,2289,408,1636,226,454,18,0,113,430,3088,2831,5,2524,302,257,"Kingman County, Kansas",129,146,10,145,145,93,157,70,100,11,16,49,136,129,141,8,143,106,94
"G2000970","2019-2023","KS",,,"Kansas","20","Kiowa County","097",,,,,,,,,,,,,,,".",".",,,,,,,,,,,,"0500000US20097",,,"20097","Kiowa County, Kansas",948,759,6,753,672,96,554,74,115,1,2,49,140,948,870,6,749,115,78,"Kiowa County, Kansas",56,65,6,66,67,34,50,22,52,3,3,25,33,56,59,6,66,36,24
"G2000990","2019-2023","KS",,,"Kansas","20","Labette County","099",,,,,,,,,,,,,,,".",".",,,,,,,,,,,,"0500000US20099",,,"20099","Labette County, Kansas",8057,6433,39,6394,5718,973,4509,497,912,85,59,199,1425,8057,7149,39,6342,768,908,"Labette County, Kansas",250,270,27,271,290,182,255,104,192,70,57,91,205,250,263,27,279,164,154
"G2001010","2019-2023","KS",,,"Kansas","20","Lane County","101",,,,,,,,,,,,,,,".",".",,,,,,,,,,,,"0500000US20101",,,"20101","Lane County, Kansas",725,597,0,597,581,51,511,16,102,0,0,27,101,725,668,0,580,88,57,"Lane County, Kansas",76,79,11,79,82,32,70,13,60,11,11,33,43,76,86,11,80,53,36
"G2001030","2019-2023","KS",,,"Kansas","20","Leavenworth County","103",,,,,,,,,,,,,,,".",".",,,,,,,,,,,,"0500000US20103",,,"20103","Leavenworth County, Kansas",29754,27025,8,27017,24272,4152,20694,2488,2781,144,6,592,2137,29754,28505,8,26873,1624,1249,"Leavenworth County, Kansas",356,474,12,475,679,466,591,445,361,88,11,208,337,356,399,12,461,326,247
"G2001050","2019-2023","KS",,,"Kansas","20","Lincoln County","105",,,,,,,,,,,,,,,".",".",,,,,,,,,,,,"0500000US20105",,,"20105","Lincoln County, Kansas",1221,957,0,957,884,228,640,65,91,7,0,32,232,1221,1099,0,941,158,122,"Lincoln County, Kansas",78,97,11,97,93,52,114,27,39,9,11,18,71,78,86,11,96,64,37
"G2001070","2019-2023","KS",,,"Kansas","20","Linn County","107",,,,,,,,,,,,,,,".",".",,,,,,,,,,,,"0500000US20107",,,"20107","Linn County, Kansas",4299,3594,19,3575,3175,858,2427,311,542,65,0,44,661,4299,3970,19,3535,416,329,"Linn County, Kansas",182,194,24,191,205,177,223,86,135,40,16,38,137,182,196,24,199,119,97
"G2001090","2019-2023","KS",,,"Kansas","20","Logan County","109",,,,,,,,,,,,,,,".",".",,,,,,,,,,,,"0500000US20109",,,"20109","Logan County, Kansas",1238,1120,4,1116,1042,305,763,72,83,2,0,13,105,1238,1161,4,1112,45,77,"Logan County, Kansas",57,76,5,76,76,66,85,30,33,3,11,14,41,57,74,5,76,28,36
"G2001110","2019-2023","KS",,,"Kansas","20","Lyon County","111",,,,,,,,,,,,,,,".",".",,,,,,,,,,,,"0500000US20111",,,"20111","Lyon County, Kansas",13322,11809,14,11795,11301,2654,8381,423,952,43,0,366,1147,13322,12579,14,11706,859,743,"Lyon County, Kansas",282,340,20,345,361,370,501,121,151,27,24,148,237,282,324,20,356,201,187
"G2001130","2019-2023","KS",,,"Kansas","20","McPherson County","113",,,,,,,,,,,,,,,".",".",,,,,,,,,,,,"0500000US20113",,,"20113","McPherson County, Kansas",12151,10820,43,10777,10201,1688,8457,497,1192,56,0,487,844,12151,11627,43,10688,896,524,"McPherson County, Kansas",239,318,33,321,349,284,385,126,268,35,24,142,187,239,262,33,323,188,109
"G2001150","2019-2023","KS",,,"Kansas","20","Marion County","115",,,,,,,,,,,,,,,".",".",,,,,,,,,,,,"0500000US20115",,,"20115","Marion County, Kansas",4692,3937,25,3912,3594,701,2756,258,491,47,3,145,610,4692,4212,25,3882,305,480,"Marion County, Kansas",183,191,26,187,171,107,191,76,104,23,6,51,103,183,187,26,186,63,99
"G2001170","2019-2023","KS",,,"Kansas","20","Marshall County","117",,,,,,,,,,,,,,,".",".",,,,,,,,,,,,"0500000US20117",,,"20117","Marshall County, Kansas",4101,3512,53,3459,3104,538,2700,318,346,22,7,95,494,4101,3702,53,3381,268,399,"Marshall County, Kansas",148,205,53,207,205,116,189,84,81,17,9,63,119,148,189,53,209,96,118
"G2001190","2019-2023","KS",,,"Kansas","20","Meade County","119",,,,,,,,,,,,,,,".",".",,,,,,,,,,,,"0500000US20119",,,"20119","Meade County, Kansas",1496,1293,0,1293,1167,283,830,70,268,52,0,21,182,1496,1430,0,1291,139,66,"Meade County, Kansas",103,106,11,106,97,58,88,28,68,40,11,17,64,103,109,11,106,58,39
"G2001210","2019-2023","KS",,,"Kansas","20","Miami County","121",,,,,,,,,,,,,,,".",".",,,,,,,,,,,,"0500000US20121",,,"20121","Miami County, Kansas",13532,11691,24,11667,10781,2062,7739,813,1921,55,8,518,1323,13532,12709,24,11502,1183,823,"Miami County, Kansas",224,407,29,413,417,309,582,259,288,40,13,218,332,224,308,29,411,283,243
"G2001230","2019-2023","KS",,,"Kansas","20","Mitchell County","123",,,,,,,,,,,,,,,".",".",,,,,,,,,,,,"0500000US20123",,,"20123","Mitchell County, Kansas",2567,2178,29,2149,1924,381,1705,206,143,8,7,149,240,2567,2359,29,2118,212,208,"Mitchell County, Kansas",122,145,33,153,153,130,147,73,61,8,10,81,74,122,135,33,148,101,64
"G2001250","2019-2023","KS",,,"Kansas","20","Montgomery County","125",,,,,,,,,,,,,,,".",".",,,,,,,,,,,,"0500000US20125",,,"20125","Montgomery County, Kansas",12871,10840,7,10833,9772,2493,7001,766,1859,244,2,338,1693,12871,11773,7,10665,1101,1098,"Montgomery County, Kansas",320,342,9,344,375,310,425,179,249,139,4,97,252,320,344,9,354,173,197
"G2001270","2019-2023","KS",,,"Kansas","20","Morris County","127",,,,,,,,,,,,,,,".",".",,,,,,,,,,,,"0500000US20127",,,"20127","Morris County, Kansas",2499,2123,0,2123,1832,300,1700,242,195,46,0,61,315,2499,2339,0,2118,221,160,"Morris County, Kansas",110,123,16,123,138,77,125,73,75,53,16,38,87,110,106,16,122,76,64
"G2001290","2019-2023","KS",,,"Kansas","20","Morton County","129",,,,,,,,,,,,,,,".",".",,,,,,,,,,,,"0500000US20129",,,"20129","Morton County, Kansas",950,802,0,802,707,85,692,95,19,0,0,30,118,950,856,0,795,61,94,"Morton County, Kansas",91,101,11,101,103,39,101,46,17,11,11,22,67,91,98,11,101,36,55
"G2001310","2019-2023","KS",,,"Kansas","20","Nemaha County","131",,,,,,,,,,,,,,,".",".",,,,,,,,,,,,"0500000US20131",,,"20131","Nemaha County, Kansas",4047,3466,13,3453,3048,483,2423,320,635,75,0,187,394,4047,3716,13,3380,323,331,"Nemaha County, Kansas",132,144,13,144,161,96,181,89,133,43,18,77,81,132,166,13,159,88,98
"G2001330","2019-2023","KS",,,"Kansas","20","Neosho County","133",,,,,,,,,,,,,,,".",".",,,,,,,,,,,,"0500000US20133",,,"20133","Neosho County, Kansas",6322,5199,9,5190,4306,697,3800,747,955,100,0,185,938,6322,5653,9,5137,507,669,"Neosho County, Kansas",173,203,6,204,261,151,197,150,193,53,18,98,180,173,202,6,204,150,127
"G2001350","2019-2023","KS",,,"Kansas","20","Ness County","135",,,,,,,,,,,,,,,".",".",,,,,,,,,,,,"0500000US20135",,,"20135","Ness County, Kansas",1163,1043,8,1035,890,139,884,141,46,3,0,17,103,1163,1064,8,1027,29,99,"Ness County, Kansas",68,78,11,80,78,53,71,49,17,4,11,12,39,68,80,11,80,13,40
"G2001370","2019-2023","KS",,,"Kansas","20","Norton County","137",,,,,,,,,,,,,,,".",".",,,,,,,,,,,,"0500000US20137",,,"20137","Norton County, Kansas",1917,1776,1,1775,1608,298,1363,143,135,0,0,14,127,1917,1842,1,1769,72,75,"Norton County, Kansas",183,193,3,192,189,118,181,82,79,16,16,23,65,183,192,3,191,56,47
"G2001390","2019-2023","KS",,,"Kansas","20","Osage County","139",,,,,,,,,,,,,,,".",".",,,,,,,,,,,,"0500000US20139",,,"20139","Osage County, Kansas",6362,5322,20,5302,4813,1187,3453,397,625,79,5,202,838,6362,5824,20,5263,541,538,"Osage County, Kansas",158,220,15,222,214,176,192,82,118,35,7,86,147,158,187,15,223,130,118
"G2001410","2019-2023","KS",,,"Kansas","20","Osborne County","141",,,,,,,,,,,,,,,".",".",,,,,,,,,,,,"0500000US20141",,,"20141","Osborne County, Kansas",1609,1352,9,1343,1075,128,1135,252,48,11,0,26,231,1609,1369,7,1297,65,240,"Osborne County, Kansas",92,96,7,96,92,39,96,52,16,8,11,18,57,92,103,7,100,29,54
"G2001430","2019-2023","KS",,,"Kansas","20","Ottawa County","143",,,,,,,,,,,,,,,".",".",,,,,,,,,,,,"0500000US20143",,,"20143","Ottawa County, Kansas",2377,2079,17,2062,1877,337,1525,154,317,12,0,56,242,2377,2239,17,2034,188,138,"Ottawa County, Kansas",81,111,14,113,102,70,126,59,73,12,16,29,63,81,98,14,113,59,51
"G2001450","2019-2023","KS",,,"Kansas","20","Pawnee County","145",,,,,,,,,,,,,,,".",".",,,,,,,,,,,,"0500000US20145",,,"20145","Pawnee County, Kansas",2415,2154,0,2154,1989,271,1723,83,245,54,0,6,255,2415,2245,0,2095,150,170,"Pawnee County, Kansas",142,155,16,155,167,87,179,42,104,62,16,7,91,142,155,16,158,70,75
"G2001470","2019-2023","KS",,,"Kansas","20","Phillips County","147",,,,,,,,,,,,,,,".",".",,,,,,,,,,,,"0500000US20147",,,"20147","Phillips County, Kansas",2182,1870,3,1867,1627,206,1461,208,234,20,0,45,267,2182,1991,3,1857,131,191,"Phillips County, Kansas",90,94,3,94,101,56,102,73,51,12,11,21,72,90,90,3,95,46,54
"G2001490","2019-2023","KS",,,"Kansas","20","Pottawatomie County","149",,,,,,,,,,,,,,,".",".",,,,,,,,,,,,"0500000US20149",,,"20149","Pottawatomie County, Kansas",9084,8286,10,8276,7683,1318,6448,524,451,58,8,251,547,9084,8725,10,8260,455,359,"Pottawatomie County, Kansas",297,313,10,311,335,246,422,120,127,45,8,118,151,297,298,10,310,158,111
"G2001510","2019-2023","KS",,,"Kansas","20","Pratt County","151",,,,,,,,,,,,,,,".",".",,,,,,,,,,,,"0500000US20151",,,"20151","Pratt County, Kansas",3521,2965,1,2964,2735,393,2389,176,311,23,0,132,424,3521,3268,1,2887,380,253,"Pratt County, Kansas",182,212,3,212,206,113,234,71,85,20,16,79,113,182,194,3,215,121,78
"G2001530","2019-2023","KS",,,"Kansas","20","Rawlins County","153",,,,,,,,,,,,,,,".",".",,,,,,,,,,,,"0500000US20153",,,"20153","Rawlins County, Kansas",1166,991,8,983,874,127,735,73,142,26,6,14,161,1166,1106,8,974,124,60,"Rawlins County, Kansas",61,78,7,79,78,36,83,34,39,17,7,17,56,61,62,7,80,55,24
"G2001550","2019-2023","KS",,,"Kansas","20","Reno County","155",,,,,,,,,,,,,,,".",".",,,,,,,,,,,,"0500000US20155",,,"20155","Reno County, Kansas",25344,20966,39,20927,18879,3199,16410,1812,1900,143,25,1148,3230,25344,23884,37,20800,3047,1460,"Reno County, Kansas",371,586,27,583,571,459,637,320,275,79,22,283,475,371,465,26,579,452,295
"G2001570","2019-2023","KS",,,"Kansas","20","Republic County","157",,,,,,,,,,,,,,,".",".",,,,,,,,,,,,"0500000US20157",,,"20157","Republic County, Kansas",1994,1496,16,1480,1294,296,982,135,227,18,0,39,459,1994,1657,11,1469,177,337,"Republic County, Kansas",115,113,11,113,107,64,106,33,64,15,11,24,84,115,118,8,113,61,65
"G2001590","2019-2023","KS",,,"Kansas","20","Rice County","159",,,,,,,,,,,,,,,".",".",,,,,,,,,,,,"0500000US20159",,,"20159","Rice County, Kansas",3694,3164,8,3156,2847,299,2608,252,363,36,0,119,411,3694,3400,8,3115,277,294,"Rice County, Kansas",147,164,7,164,186,80,179,75,104,32,16,58,109,147,151,7,165,91,80
"G2001610","2019-2023","KS",,,"Kansas","20","Riley County","161",,,,,,,,,,,,,,,".",".",,,,,,,,,,,,"0500000US20161",,,"20161","Riley County, Kansas",27137,24664,10,24654,22821,2579,21353,1726,1379,23,3,1041,1432,27137,26448,10,24536,1902,689,"Riley County, Kansas",562,698,19,698,711,483,694,364,343,23,5,214,357,562,584,19,686,361,203
"G2001630","2019-2023","KS",,,"Kansas","20","Rooks County","163",,,,,,,,,,,,,,,".",".",,,,,,,,,,,,"0500000US20163",,,"20163","Rooks County, Kansas",2142,1801,8,1793,1592,245,1403,167,163,23,0,99,242,2142,1910,8,1752,150,232,"Rooks County, Kansas",89,96,12,95,107,70,92,46,46,17,11,45,57,89,102,12,98,49,68
"G2001650","2019-2023","KS",,,"Kansas","20","Rush County","165",,,,,,,,,,,,,,,".",".",,,,,,,,,,,,"0500000US20165",,,"20165","Rush County, Kansas",1382,1250,0,1250,1104,153,1052,124,110,4,0,6,126,1382,1293,0,1244,49,89,"Rush County, Kansas",90,103,11,103,105,46,111,36,33,5,11,9,38,90,97,11,103,20,32
"G2001670","2019-2023","KS",,,"Kansas","20","Russell County","167",,,,,,,,,,,,,,,".",".",,,,,,,,,,,,"0500000US20167",,,"20167","Russell County, Kansas",3099,2694,11,2683,2401,520,2117,234,179,1,0,45,360,3099,2869,11,2652,206,230,"Russell County, Kansas",165,223,15,225,228,146,205,85,95,3,16,46,125,165,195,15,223,98,91
"G2001690","2019-2023","KS",,,"Kansas","20","Saline County","169",,,,,,,,,,,,,,,".",".",,,,,,,,,,,,"0500000US20169",,,"20169","Saline County, Kansas",22299,19483,65,19418,17752,2974,15063,1389,1743,167,34,450,2366,22299,20824,65,19221,1538,1475,"Saline County, Kansas",385,567,69,587,688,365,677,251,381,149,37,159,402,385,468,69,579,339,280
"G2001710","2019-2023","KS",,,"Kansas","20","Scott County","171",,,,,,,,,,,,,,,".",".",,,,,,,,,,,,"0500000US20171",,,"20171","Scott County, Kansas",2190,1792,0,1792,1695,249,1394,72,118,0,0,166,232,2190,2148,0,1792,356,42,"Scott County, Kansas",105,156,16,156,163,140,221,58,101,16,16,123,119,105,117,16,156,145,48
"G2001730","2019-2023","KS",,,"Kansas","20","Sedgwick County","173",,,,,,,,,,,,,,,".",".",,,,,,,,,,,,"0500000US20173",,,"20173","Sedgwick County, Kansas",205024,186189,307,185882,173504,25512,153274,10975,11875,602,176,3978,14857,205024,196442,303,184183,11956,8582,"Sedgwick County, Kansas",1287,1498,238,1462,1930,933,1626,990,821,189,84,500,1052,1287,1507,237,1506,893,882
"G2001750","2019-2023","KS",,,"Kansas","20","Seward County","175",,,,,,,,,,,,,,,".",".",,,,,,,,,,,,"0500000US20175",,,"20175","Seward County, Kansas",7208,6273,3,6270,6020,1553,4185,152,876,98,0,171,764,7208,6711,3,6092,616,497,"Seward County, Kansas",244,326,5,326,310,336,369,95,231,86,21,110,239,244,264,5,304,212,159
"G2001770","2019-2023","KS",,,"Kansas","20","Shawnee County","177",,,,,,,,,,,,,,,".",".",,,,,,,,,,,,"0500000US20177",,,"20177","Shawnee County, Kansas",74528,64224,104,64120,54665,9219,51361,8480,5254,714,29,2194,8110,74528,69685,104,63680,5901,4843,"Shawnee County, Kansas",654,923,55,918,1317,666,976,906,650,311,31,336,675,654,806,55,895,574,544
"G2001790","2019-2023","KS",,,"Kansas","20","Sheridan County","179",,,,,,,,,,,,,,,".",".",,,,,,,,,,,,"0500000US20179",,,"20179","Sheridan County, Kansas",1022,944,10,934,849,100,798,64,45,11,3,0,78,1022,953,10,921,22,69,"Sheridan County, Kansas",44,52,11,54,56,34,64,31,24,10,5,11,27,44,52,11,55,12,29
"G2001810","2019-2023","KS",,,"Kansas","20","Sherman County","181",,,,,,,,,,,,,,,".",".",,,,,,,,,,,,"0500000US20181",,,"20181","Sherman County, Kansas",2358,2165,0,2165,2038,255,1762,90,239,32,0,20,173,2358,2198,0,2091,107,160,"Sherman County, Kansas",172,179,16,179,164,114,184,55,104,48,16,22,93,172,174,16,184,69,86
"G2001830","2019-2023","KS",,,"Kansas","20","Smith County","183",,,,,,,,,,,,,,,".",".",,,,,,,,,,,,"0500000US20183",,,"20183","Smith County, Kansas",1578,1342,12,1330,1142,170,1082,148,117,10,13,47,189,1578,1434,12,1311,111,144,"Smith County, Kansas",80,99,11,100,100,47,101,47,28,12,10,25,50,80,100,11,101,39,49
"G2001850","2019-2023","KS",,,"Kansas","20","Stafford County","185",,,,,,,,,,,,,,,".",".",,,,,,,,,,,,"0500000US20185",,,"20185","Stafford County, Kansas",1598,1381,14,1367,1258,217,992,60,173,6,36,14,203,1598,1424,14,1313,97,174,"Stafford County, Kansas",82,90,13,89,83,48,80,21,42,7,42,9,50,82,86,13,82,34,65
"G2001870","2019-2023","KS",,,"Kansas","20","Stanton County","187",,,,,,,,,,,,,,,".",".",,,,,,,,,,,,"0500000US20187",,,"20187","Stanton County, Kansas",822,701,0,701,686,147,552,15,2,0,0,6,115,822,800,0,701,99,22,"Stanton County, Kansas",106,104,11,104,101,75,114,18,3,11,11,8,84,106,103,11,104,84,27
"G2001890","2019-2023","KS",,,"Kansas","20","Stevens County","189",,,,,,,,,,,,,,,".",".",,,,,,,,,,,,"0500000US20189",,,"20189","Stevens County, Kansas",1789,1612,0,1612,1543,261,1229,65,130,0,0,49,128,1789,1745,0,1612,133,44,"Stevens County, Kansas",131,131,16,131,137,83,146,40,67,16,16,52,58,131,132,16,131,75,29
"G2001910","2019-2023","KS",,,"Kansas","20","Sumner County","191",,,,,,,,,,,,,,,".",".",,,,,,,,,,,,"0500000US20191",,,"20191","Sumner County, Kansas",8974,7597,7,7590,6741,1019,5967,700,926,89,0,221,1156,8974,8226,7,7492,727,748,"Sumner County, Kansas",225,280,6,280,345,221,303,186,184,38,21,94,202,225,290,6,294,169,174
"G2001930","2019-2023","KS",,,"Kansas","20","Thomas County","193",,,,,,,,,,,,,,,".",".",,,,,,,,,,,,"0500000US20193",,,"20193","Thomas County, Kansas",3101,2778,11,2767,2511,181,2460,250,183,3,3,42,281,3101,2929,11,2740,178,172,"Thomas County, Kansas",166,188,15,187,189,83,177,99,81,4,5,33,95,166,168,15,185,88,67
"G2001950","2019-2023","KS",,,"Kansas","20","Trego County","195",,,,,,,,,,,,,,,".",".",,,,,,,,,,,,"0500000US20195",,,"20195","Trego County, Kansas",1346,1198,0,1198,1057,70,1050,141,91,0,0,9,139,1346,1260,0,1198,62,86,"Trego County, Kansas",82,91,11,91,97,34,92,48,50,11,11,12,59,82,79,11,91,46,39
"G2001970","2019-2023","KS",,,"Kansas","20","Wabaunsee County","197",,,,,,,,,,,,,,,".",".",,,,,,,,,,,,"0500000US20197",,,"20197","Wabaunsee County, Kansas",2616,2199,6,2193,1969,468,1418,154,290,49,10,35,382,2616,2328,6,2181,141,288,"Wabaunsee County, Kansas",108,148,8,149,167,145,122,41,75,34,10,19,115,108,150,8,151,42,106
"G2001990","2019-2023","KS",,,"Kansas","20","Wallace County","199",,,,,,,,,,,,,,,".",".",,,,,,,,,,,,"0500000US20199",,,"20199","Wallace County, Kansas",660,576,5,571,465,81,425,72,77,33,0,22,62,660,607,5,571,31,53,"Wallace County, Kansas",57,60,6,61,57,34,45,39,38,31,11,14,24,57,59,6,61,15,25
"G2002010","2019-2023","KS",,,"Kansas","20","Washington County","201",,,,,,,,,,,,,,,".",".",,,,,,,,,,,,"0500000US20201",,,"20201","Washington County, Kansas",2371,1817,21,1796,1514,284,1308,168,290,68,1,80,474,2371,2053,21,1781,251,318,"Washington County, Kansas",84,100,17,99,85,48,87,49,78,37,2,31,77,84,101,17,98,55,69
"G2002030","2019-2023","KS",,,"Kansas","20","Wichita County","203",,,,,,,,,,,,,,,".",".",,,,,,,,,,,,"0500000US20203",,,"20203","Wichita County, Kansas",878,822,0,822,770,109,593,49,144,0,2,20,36,878,842,0,822,20,36,"Wichita County, Kansas",89,89,11,89,85,57,92,30,68,11,3,23,19,89,88,11,89,23,19
"G2002050","2019-2023","KS",,,"Kansas","20","Wilson County","205",,,,,,,,,,,,,,,".",".",,,,,,,,,,,,"0500000US20205",,,"20205","Wilson County, Kansas",3515,2789,2,2787,2412,541,1746,294,585,68,0,104,622,3515,3273,2,2755,516,242,"Wilson County, Kansas",151,154,3,154,181,98,153,117,106,34,16,66,125,151,154,3,148,125,66
"G2002070","2019-2023","KS",,,"Kansas","20","Woodson County","207",,,,,,,,,,,,,,,".",".",,,,,,,,,,,,"0500000US20207",,,"20207","Woodson County, Kansas",1226,1015,4,1011,812,251,552,159,215,36,0,19,192,1226,1086,4,963,119,140,"Woodson County, Kansas",90,89,5,89,86,54,83,54,62,30,11,16,51,90,85,5,87,38,42
"G2002090","2019-2023","KS",,,"Kansas","20","Wyandotte County","209",,,,,,,,,,,,,,,".",".",,,,,,,,,,,,"0500000US20209",,,"20209","Wyandotte County, Kansas",61241,53108,37,53071,49034,8088,43265,3522,3520,277,53,2301,5832,61241,57047,37,52067,4943,4194,"Wyandotte County, Kansas",656,833,32,835,848,624,1061,424,412,106,61,367,573,656,717,32,796,554,463
